Epoch,Train Loss,Val Loss,Train Accuracy,Val Accuracy,Precision,Recall,F1 Score,Rank-1 Rate,Rank-5 Rate
68,0.02872729737061121,1.2405145134739946,0.9933333333333333,0.86,0.894,0.86,0.8543809523809525,0.86,0.915
