Epoch,Train Loss,Val Loss,Train Accuracy,Val Accuracy,Precision,Recall,F1 Score
183,0.02159162173484532,1.2080294063158614,0.99,0.885,0.9183333333333333,0.885,0.8793333333333332
