Epoch,Train Loss,Val Loss,Train Accuracy,Val Accuracy,Precision,Recall,F1 Score,Matthews Corr. Coeff.
112,0.007472193105797089,1.1597584211844891,0.9966666666666667,0.895,0.9283333333333332,0.895,0.893,0.8943460072849325
