Epoch,Train Loss,Val Loss,Train Recognition Rate,Val Recognition Rate
70,0.042944083623207965,1.0577738649046002,0.9866666666666667,0.83
