Epoch,Train Loss,Val Loss,Train Recognition Rate,Val Recognition Rate,CMC
77,0.06238232572395797,1.0395558271663166,0.97,0.86,[0.86 0.94 0.97 0.97 0.99 0.99 0.99 0.99 1.   1.   1.  ]
