Epoch,Train Loss,Val Loss,Train Recognition Rate,Val Recognition Rate,CMC
92,0.05356963713888976,0.6943517046058872,0.99,0.87,[0.87  0.965 0.985 0.99  0.995 1.    1.    1.    1.    1.    1.   ]
