Epoch,Train Loss,Val Loss,Train Recognition Rate,Val Recognition Rate
100,0.00812876627802363,1.0152266938630672,0.9966666666666667,0.86
